state,year,quarter,registered_users,app_opens
Andaman & Nicobar Islands,2018,1,6740,0
Andaman & Nicobar Islands,2018,2,9405,0
Andaman & Nicobar Islands,2018,3,12149,0
Andaman & Nicobar Islands,2018,4,15222,0
Andaman & Nicobar Islands,2019,1,18596,0
Andaman & Nicobar Islands,2019,2,21731,52640
Andaman & Nicobar Islands,2019,3,23931,171107
Andaman & Nicobar Islands,2019,4,25960,177012
Andaman & Nicobar Islands,2020,1,28368,193586
Andaman & Nicobar Islands,2020,2,32710,305072
Andaman & Nicobar Islands,2020,3,41335,515565
Andaman & Nicobar Islands,2020,4,52396,887208
Andaman & Nicobar Islands,2021,1,57758,1004336
Andaman & Nicobar Islands,2021,2,62095,2248223
Andaman & Nicobar Islands,2021,3,66982,3121625
Andaman & Nicobar Islands,2021,4,71780,2112910
Andaman & Nicobar Islands,2022,1,76288,3847407
Andaman & Nicobar Islands,2022,2,80530,5180013
Andaman & Nicobar Islands,2022,3,84642,6068354
Andaman & Nicobar Islands,2022,4,88442,4354093
Andaman & Nicobar Islands,2023,1,92484,11012664
Andaman & Nicobar Islands,2023,2,96329,14738676
Andaman & Nicobar Islands,2023,3,100255,20545079
Andaman & Nicobar Islands,2023,4,103978,9845960
Andaman & Nicobar Islands,2024,1,108411,28538751
Andaman & Nicobar Islands,2024,2,112687,16876883
Andaman & Nicobar Islands,2024,3,172473,19554846
Andaman & Nicobar Islands,2024,4,178788,18691683
Andhra Pradesh,2018,1,3336450,0
Andhra Pradesh,2018,2,4402540,0
Andhra Pradesh,2018,3,5427617,0
Andhra Pradesh,2018,4,6857409,0
Andhra Pradesh,2019,1,8283019,0
Andhra Pradesh,2019,2,9389003,81375251
Andhra Pradesh,2019,3,10458693,310953542
Andhra Pradesh,2019,4,11757883,411201518
Andhra Pradesh,2020,1,13022060,486513773
Andhra Pradesh,2020,2,14319675,494341698
Andhra Pradesh,2020,3,15692405,696300382
Andhra Pradesh,2020,4,17076565,869078538
Andhra Pradesh,2021,1,18363733,957709447
Andhra Pradesh,2021,2,19620905,1044705436
Andhra Pradesh,2021,3,21059898,1258536879
Andhra Pradesh,2021,4,22489029,1447717601
Andhra Pradesh,2022,1,23857951,1254785973
Andhra Pradesh,2022,2,25157264,1378736856
Andhra Pradesh,2022,3,26496330,1357005703
Andhra Pradesh,2022,4,27778016,1673374802
Andhra Pradesh,2023,1,29065863,1442038420
Andhra Pradesh,2023,2,30240061,1427952434
Andhra Pradesh,2023,3,31493897,1157440497
Andhra Pradesh,2023,4,32658698,1310002959
Andhra Pradesh,2024,1,34008709,1080185103
Andhra Pradesh,2024,2,35303719,1061281082
Andhra Pradesh,2024,3,29145303,1660426436
Andhra Pradesh,2024,4,29984431,1866359979
Arunachal Pradesh,2018,1,21495,0
Arunachal Pradesh,2018,2,32883,0
Arunachal Pradesh,2018,3,45922,0
Arunachal Pradesh,2018,4,61852,0
Arunachal Pradesh,2019,1,76957,0
Arunachal Pradesh,2019,2,95885,502873
Arunachal Pradesh,2019,3,112149,1811700
Arunachal Pradesh,2019,4,129321,2140340
Arunachal Pradesh,2020,1,149066,2598321
Arunachal Pradesh,2020,2,177534,3387006
Arunachal Pradesh,2020,3,206046,4003421
Arunachal Pradesh,2020,4,231292,4472667
Arunachal Pradesh,2021,1,251240,4796708
Arunachal Pradesh,2021,2,270572,13025849
Arunachal Pradesh,2021,3,293073,17209654
Arunachal Pradesh,2021,4,314944,11230295
Arunachal Pradesh,2022,1,335339,41418559
Arunachal Pradesh,2022,2,354528,49889518
Arunachal Pradesh,2022,3,373372,59722628
Arunachal Pradesh,2022,4,390307,21775038
Arunachal Pradesh,2023,1,408273,88997458
Arunachal Pradesh,2023,2,426410,106089520
Arunachal Pradesh,2023,3,444789,112236680
Arunachal Pradesh,2023,4,462088,38873546
Arunachal Pradesh,2024,1,482393,143597043
Arunachal Pradesh,2024,2,500669,132013837
Arunachal Pradesh,2024,3,687168,210856966
Arunachal Pradesh,2024,4,710879,46627582
Assam,2018,1,385237,0
Assam,2018,2,571046,0
Assam,2018,3,784802,0
Assam,2018,4,1039221,0
Assam,2019,1,1259085,0
Assam,2019,2,1500128,7350326
Assam,2019,3,1731523,25393673
Assam,2019,4,1941220,26599449
Assam,2020,1,2185938,33097892
Assam,2020,2,2550883,39304924
Assam,2020,3,2830011,41875278
Assam,2020,4,3106153,49321814
Assam,2021,1,3358448,56752364
Assam,2021,2,3617056,102003890
Assam,2021,3,3918480,135288631
Assam,2021,4,4209591,130600435
Assam,2022,1,4492589,281642453
Assam,2022,2,4755787,339929089
Assam,2022,3,5016910,410760707
Assam,2022,4,5247776,248781157
Assam,2023,1,5499650,590176321
Assam,2023,2,5749682,657069673
Assam,2023,3,5998586,962849913
Assam,2023,4,6234780,558041955
Assam,2024,1,6510156,1381009332
Assam,2024,2,6767874,1728273868
Assam,2024,3,10098778,855216106
Assam,2024,4,10480927,775169459
Bihar,2018,1,2133804,0
Bihar,2018,2,3005872,0
Bihar,2018,3,3784535,0
Bihar,2018,4,4776665,0
Bihar,2019,1,5745117,0
Bihar,2019,2,6589759,39607022
Bihar,2019,3,7380265,126521298
Bihar,2019,4,8342274,163998097
Bihar,2020,1,9351234,183868505
Bihar,2020,2,10603767,218435035
Bihar,2020,3,11763213,266652644
Bihar,2020,4,12889833,317056600
Bihar,2021,1,13946288,355792608
Bihar,2021,2,14972134,371198660
Bihar,2021,3,16160771,421801379
Bihar,2021,4,17335981,647400838
Bihar,2022,1,18484658,316991599
Bihar,2022,2,19569894,348588438
Bihar,2022,3,20694376,336807385
Bihar,2022,4,21738117,834827202
Bihar,2023,1,22796011,455886560
Bihar,2023,2,23781971,556071386
Bihar,2023,3,24776510,623923391
Bihar,2023,4,25695856,1822737403
Bihar,2024,1,26765201,945228349
Bihar,2024,2,27786576,1034146507
Bihar,2024,3,31899315,692875087
Bihar,2024,4,33345285,2527843258
Chandigarh,2018,1,86268,0
Chandigarh,2018,2,115219,0
Chandigarh,2018,3,143893,0
Chandigarh,2018,4,177747,0
Chandigarh,2019,1,209175,0
Chandigarh,2019,2,240439,1220176
Chandigarh,2019,3,267337,4625196
Chandigarh,2019,4,289590,4960441
Chandigarh,2020,1,312887,5201211
Chandigarh,2020,2,336351,3451250
Chandigarh,2020,3,362588,4888739
Chandigarh,2020,4,391402,6477974
Chandigarh,2021,1,419998,7919533
Chandigarh,2021,2,448572,4733924
Chandigarh,2021,3,480463,6378807
Chandigarh,2021,4,512092,11603954
Chandigarh,2022,1,541549,2321685
Chandigarh,2022,2,569582,2285979
Chandigarh,2022,3,598698,2173356
Chandigarh,2022,4,627563,15308862
Chandigarh,2023,1,654522,2001065
Chandigarh,2023,2,678662,1978988
Chandigarh,2023,3,704144,1924922
Chandigarh,2023,4,727594,35719991
Chandigarh,2024,1,754849,2680802
Chandigarh,2024,2,782791,3351127
Chandigarh,2024,3,700398,3757821
Chandigarh,2024,4,721216,37265017
Chhattisgarh,2018,1,679263,0
Chhattisgarh,2018,2,950675,0
Chhattisgarh,2018,3,1217792,0
Chhattisgarh,2018,4,1579998,0
Chhattisgarh,2019,1,1908898,0
Chhattisgarh,2019,2,2191066,13206373
Chhattisgarh,2019,3,2435058,46362341
Chhattisgarh,2019,4,2725900,57278977
Chhattisgarh,2020,1,3016487,64224101
Chhattisgarh,2020,2,3401658,68493384
Chhattisgarh,2020,3,3799386,86918606
Chhattisgarh,2020,4,4190601,109900467
Chhattisgarh,2021,1,4514551,124648704
Chhattisgarh,2021,2,4837055,205784717
Chhattisgarh,2021,3,5206084,276486076
Chhattisgarh,2021,4,5565481,251752583
Chhattisgarh,2022,1,5916961,448503438
Chhattisgarh,2022,2,6238349,501411120
Chhattisgarh,2022,3,6562237,543206487
Chhattisgarh,2022,4,6846822,354976814
Chhattisgarh,2023,1,7159660,678798431
Chhattisgarh,2023,2,7469508,749111705
Chhattisgarh,2023,3,7779977,951586898
Chhattisgarh,2023,4,8057016,545124233
Chhattisgarh,2024,1,8394140,1290951432
Chhattisgarh,2024,2,8704757,1483224382
Chhattisgarh,2024,3,10290502,1469220234
Chhattisgarh,2024,4,10651135,869239311
Dadra & Nagar Haveli & Daman & Diu,2018,1,53258,0
Dadra & Nagar Haveli & Daman & Diu,2018,2,71458,0
Dadra & Nagar Haveli & Daman & Diu,2018,3,92107,0
Dadra & Nagar Haveli & Daman & Diu,2018,4,116511,0
Dadra & Nagar Haveli & Daman & Diu,2019,1,140532,0
Dadra & Nagar Haveli & Daman & Diu,2019,2,158580,860686
Dadra & Nagar Haveli & Daman & Diu,2019,3,176929,3126189
Dadra & Nagar Haveli & Daman & Diu,2019,4,197598,3770543
Dadra & Nagar Haveli & Daman & Diu,2020,1,218496,4195122
Dadra & Nagar Haveli & Daman & Diu,2020,2,244814,4505127
Dadra & Nagar Haveli & Daman & Diu,2020,3,267946,4421499
Dadra & Nagar Haveli & Daman & Diu,2020,4,296493,6196436
Dadra & Nagar Haveli & Daman & Diu,2021,1,321396,7302462
Dadra & Nagar Haveli & Daman & Diu,2021,2,344994,5062983
Dadra & Nagar Haveli & Daman & Diu,2021,3,371874,7162734
Dadra & Nagar Haveli & Daman & Diu,2021,4,398963,15009455
Dadra & Nagar Haveli & Daman & Diu,2022,1,424570,3910792
Dadra & Nagar Haveli & Daman & Diu,2022,2,449016,3886292
Dadra & Nagar Haveli & Daman & Diu,2022,3,474807,3837881
Dadra & Nagar Haveli & Daman & Diu,2022,4,500125,24066770
Dadra & Nagar Haveli & Daman & Diu,2023,1,524617,4471284
Dadra & Nagar Haveli & Daman & Diu,2023,2,546364,4086025
Dadra & Nagar Haveli & Daman & Diu,2023,3,569035,4449513
Dadra & Nagar Haveli & Daman & Diu,2023,4,590760,36579378
Dadra & Nagar Haveli & Daman & Diu,2024,1,615863,5967100
Dadra & Nagar Haveli & Daman & Diu,2024,2,640724,7489619
Dadra & Nagar Haveli & Daman & Diu,2024,3,627815,5429299
Dadra & Nagar Haveli & Daman & Diu,2024,4,644550,41947714
Delhi,2018,1,2087022,0
Delhi,2018,2,2756141,0
Delhi,2018,3,3504911,0
Delhi,2018,4,4630313,0
Delhi,2019,1,5499263,0
Delhi,2019,2,6165448,43731570
Delhi,2019,3,6782286,163381027
Delhi,2019,4,7289883,172682671
Delhi,2020,1,7826197,178263986
Delhi,2020,2,8391139,142852253
Delhi,2020,3,9044174,190025029
Delhi,2020,4,9747968,243433752
Delhi,2021,1,10467210,281201600
Delhi,2021,2,11182699,164997774
Delhi,2021,3,11980061,223844376
Delhi,2021,4,12785127,345669353
Delhi,2022,1,13539197,57524153
Delhi,2022,2,14260143,52553080
Delhi,2022,3,15009523,49919498
Delhi,2022,4,15764149,401864749
Delhi,2023,1,16480011,51049789
Delhi,2023,2,17103089,51415039
Delhi,2023,3,17747167,49593289
Delhi,2023,4,18363626,738806624
Delhi,2024,1,19067147,80302941
Delhi,2024,2,19789096,99756459
Delhi,2024,3,18444617,111680825
Delhi,2024,4,18900488,952556492
Goa,2018,1,91936,0
Goa,2018,2,122174,0
Goa,2018,3,153802,0
Goa,2018,4,195350,0
Goa,2019,1,238152,0
Goa,2019,2,278940,1352232
Goa,2019,3,317194,4753892
Goa,2019,4,353546,6290543
Goa,2020,1,391900,7147233
Goa,2020,2,430639,5310126
Goa,2020,3,474962,6129766
Goa,2020,4,527584,10991118
Goa,2021,1,570035,15467672
Goa,2021,2,609106,12710361
Goa,2021,3,653458,16575111
Goa,2021,4,697178,28288254
Goa,2022,1,738628,18678798
Goa,2022,2,777779,19062157
Goa,2022,3,817830,19712764
Goa,2022,4,855202,43005212
Goa,2023,1,892185,22829931
Goa,2023,2,926020,20219644
Goa,2023,3,961831,24017714
Goa,2023,4,995923,64868903
Goa,2024,1,1035050,31168316
Goa,2024,2,1073516,21359943
Goa,2024,3,1114034,49958844
Goa,2024,4,1143332,78430745
Gujarat,2018,1,2690048,0
Gujarat,2018,2,3565825,0
Gujarat,2018,3,4433183,0
Gujarat,2018,4,5579040,0
Gujarat,2019,1,6652536,0
Gujarat,2019,2,7574645,34890301
Gujarat,2019,3,8429299,129441484
Gujarat,2019,4,9323799,147973757
Gujarat,2020,1,10259843,165605122
Gujarat,2020,2,11392657,155264359
Gujarat,2020,3,12467847,184402472
Gujarat,2020,4,13605203,230497353
Gujarat,2021,1,14670126,264732874
Gujarat,2021,2,15735981,282432543
Gujarat,2021,3,16946761,379987151
Gujarat,2021,4,18139201,487846209
Gujarat,2022,1,19265314,521776939
Gujarat,2022,2,20321596,609943436
Gujarat,2022,3,21394721,699121904
Gujarat,2022,4,22412353,790984595
Gujarat,2023,1,23436230,918468944
Gujarat,2023,2,24396768,1057626015
Gujarat,2023,3,25383429,1679035143
Gujarat,2023,4,26312655,1950081065
Gujarat,2024,1,27381972,2391800188
Gujarat,2024,2,28439885,2418997443
Gujarat,2024,3,29082108,2873083540
Gujarat,2024,4,29861641,2406424143
Haryana,2018,1,1847357,0
Haryana,2018,2,2447221,0
Haryana,2018,3,3020398,0
Haryana,2018,4,3793079,0
Haryana,2019,1,4538767,0
Haryana,2019,2,5178030,31929195
Haryana,2019,3,5783752,118332587
Haryana,2019,4,6366679,136721888
Haryana,2020,1,7018770,157793468
Haryana,2020,2,7682878,143650123
Haryana,2020,3,8398816,188614769
Haryana,2020,4,9129873,236101307
Haryana,2021,1,9827905,266686683
Haryana,2021,2,10530594,234052506
Haryana,2021,3,11325336,296884105
Haryana,2021,4,12116439,442176987
Haryana,2022,1,12866988,217228467
Haryana,2022,2,13576065,236091309
Haryana,2022,3,14303933,265475161
Haryana,2022,4,14994944,556898878
Haryana,2023,1,15688161,264946266
Haryana,2023,2,16314236,298037706
Haryana,2023,3,16956489,327497074
Haryana,2023,4,17556642,904482321
Haryana,2024,1,18248263,356852975
Haryana,2024,2,18932084,495253484
Haryana,2024,3,18527288,701589813
Haryana,2024,4,19051114,1381829141
Himachal Pradesh,2018,1,227373,0
Himachal Pradesh,2018,2,315299,0
Himachal Pradesh,2018,3,407634,0
Himachal Pradesh,2018,4,526343,0
Himachal Pradesh,2019,1,653205,0
Himachal Pradesh,2019,2,772603,3321711
Himachal Pradesh,2019,3,876184,10720741
Himachal Pradesh,2019,4,985945,12637904
Himachal Pradesh,2020,1,1106025,14640104
Himachal Pradesh,2020,2,1249867,16125580
Himachal Pradesh,2020,3,1378634,18411750
Himachal Pradesh,2020,4,1508766,22001148
Himachal Pradesh,2021,1,1622951,24228094
Himachal Pradesh,2021,2,1743151,43269977
Himachal Pradesh,2021,3,1880626,52970288
Himachal Pradesh,2021,4,2013747,47670982
Himachal Pradesh,2022,1,2143483,77278278
Himachal Pradesh,2022,2,2264407,102488683
Himachal Pradesh,2022,3,2381576,108832538
Himachal Pradesh,2022,4,2483076,72355717
Himachal Pradesh,2023,1,2594668,111702044
Himachal Pradesh,2023,2,2706470,136774775
Himachal Pradesh,2023,3,2816046,189307777
Himachal Pradesh,2023,4,2924952,163694473
Himachal Pradesh,2024,1,3050141,231634797
Himachal Pradesh,2024,2,3172766,291406931
Himachal Pradesh,2024,3,2953068,277032020
Himachal Pradesh,2024,4,3040819,168576863
Jammu & Kashmir,2018,1,176425,0
Jammu & Kashmir,2018,2,261609,0
Jammu & Kashmir,2018,3,342529,0
Jammu & Kashmir,2018,4,436563,0
Jammu & Kashmir,2019,1,530669,0
Jammu & Kashmir,2019,2,631193,2705373
Jammu & Kashmir,2019,3,658455,3843919
Jammu & Kashmir,2019,4,673367,998572
Jammu & Kashmir,2020,1,735408,4476894
Jammu & Kashmir,2020,2,845294,9856653
Jammu & Kashmir,2020,3,949819,11443454
Jammu & Kashmir,2020,4,1079022,16018751
Jammu & Kashmir,2021,1,1174818,18834009
Jammu & Kashmir,2021,2,1261267,34274559
Jammu & Kashmir,2021,3,1359860,45025197
Jammu & Kashmir,2021,4,1456810,36012148
Jammu & Kashmir,2022,1,1549320,62115857
Jammu & Kashmir,2022,2,1635570,89986310
Jammu & Kashmir,2022,3,1719185,109346235
Jammu & Kashmir,2022,4,1793434,60205865
Jammu & Kashmir,2023,1,1873039,134828711
Jammu & Kashmir,2023,2,1953132,209249141
Jammu & Kashmir,2023,3,2031447,283204829
Jammu & Kashmir,2023,4,2108166,186302862
Jammu & Kashmir,2024,1,2195803,342579321
Jammu & Kashmir,2024,2,2279903,425109975
Jammu & Kashmir,2024,3,4161840,376570012
Jammu & Kashmir,2024,4,4288583,246569412
Jharkhand,2018,1,885762,0
Jharkhand,2018,2,1230599,0
Jharkhand,2018,3,1532362,0
Jharkhand,2018,4,1913949,0
Jharkhand,2019,1,2279329,0
Jharkhand,2019,2,2604854,14929066
Jharkhand,2019,3,2915511,55504460
Jharkhand,2019,4,3281371,70181789
Jharkhand,2020,1,3651393,74014713
Jharkhand,2020,2,4061035,76339276
Jharkhand,2020,3,4480027,99318784
Jharkhand,2020,4,4917938,126310835
Jharkhand,2021,1,5313049,141731331
Jharkhand,2021,2,5701503,184234107
Jharkhand,2021,3,6151843,230475998
Jharkhand,2021,4,6596196,284960009
Jharkhand,2022,1,7025275,331355981
Jharkhand,2022,2,7426174,379053485
Jharkhand,2022,3,7836429,414228860
Jharkhand,2022,4,8217638,396098729
Jharkhand,2023,1,8609107,585808867
Jharkhand,2023,2,8980709,657119942
Jharkhand,2023,3,9360730,806517236
Jharkhand,2023,4,9707336,658553048
Jharkhand,2024,1,10118149,1389086946
Jharkhand,2024,2,10501982,1583300137
Jharkhand,2024,3,11771265,1330121440
Jharkhand,2024,4,12212421,1018664763
Karnataka,2018,1,3717763,0
Karnataka,2018,2,5030665,0
Karnataka,2018,3,6372649,0
Karnataka,2018,4,8315802,0
Karnataka,2019,1,10266174,0
Karnataka,2019,2,11968087,113024811
Karnataka,2019,3,13635075,445683660
Karnataka,2019,4,15385416,569674870
Karnataka,2020,1,17016980,626488036
Karnataka,2020,2,18655366,490510075
Karnataka,2020,3,20487550,693683212
Karnataka,2020,4,22400182,935510690
Karnataka,2021,1,24095832,1084917385
Karnataka,2021,2,25751023,1051089714
Karnataka,2021,3,27614221,1366781087
Karnataka,2021,4,29459646,1941558513
Karnataka,2022,1,31200349,1727054045
Karnataka,2022,2,32831447,2065359837
Karnataka,2022,3,34493994,2148016434
Karnataka,2022,4,36081698,3011645011
Karnataka,2023,1,37681426,2498025288
Karnataka,2023,2,39122314,2521576765
Karnataka,2023,3,40634390,2284389284
Karnataka,2023,4,42031396,2565539566
Karnataka,2024,1,43668141,2186015502
Karnataka,2024,2,45290606,2195010418
Karnataka,2024,3,44548391,2731726058
Karnataka,2024,4,45917653,3091599006
Kerala,2018,1,784184,0
Kerala,2018,2,1066587,0
Kerala,2018,3,1347598,0
Kerala,2018,4,1757326,0
Kerala,2019,1,2136624,0
Kerala,2019,2,2550167,8673220
Kerala,2019,3,2990963,31471694
Kerala,2019,4,3503938,40046033
Kerala,2020,1,4078316,46396398
Kerala,2020,2,4728844,45832953
Kerala,2020,3,5582300,64309022
Kerala,2020,4,6387169,91415273
Kerala,2021,1,6936943,108918733
Kerala,2021,2,7416083,87814415
Kerala,2021,3,7949425,116282717
Kerala,2021,4,8473810,213542857
Kerala,2022,1,8972299,94047893
Kerala,2022,2,9442533,98876392
Kerala,2022,3,9933977,104565833
Kerala,2022,4,10382102,346981849
Kerala,2023,1,10822723,116395880
Kerala,2023,2,11237341,121310794
Kerala,2023,3,11669143,145044427
Kerala,2023,4,12084974,747303653
Kerala,2024,1,12553296,173276966
Kerala,2024,2,13008410,164717612
Kerala,2024,3,13271613,127705188
Kerala,2024,4,13689387,873737766
Ladakh,2018,1,8784,0
Ladakh,2018,2,12918,0
Ladakh,2018,3,17749,0
Ladakh,2018,4,23883,0
Ladakh,2019,1,29649,0
Ladakh,2019,2,35516,157317
Ladakh,2019,3,39173,503126
Ladakh,2019,4,43108,470440
Ladakh,2020,1,47790,590484
Ladakh,2020,2,53034,695673
Ladakh,2020,3,58401,1015680
Ladakh,2020,4,64853,1232757
Ladakh,2021,1,69919,1184204
Ladakh,2021,2,75048,4391632
Ladakh,2021,3,81210,7099550
Ladakh,2021,4,87057,2665203
Ladakh,2022,1,92492,8902080
Ladakh,2022,2,97517,14768129
Ladakh,2022,3,102299,19734781
Ladakh,2022,4,106337,3832339
Ladakh,2023,1,110991,14522495
Ladakh,2023,2,115736,26285520
Ladakh,2023,3,120435,42636030
Ladakh,2023,4,124828,7108123
Ladakh,2024,1,130070,16503075
Ladakh,2024,2,134702,41355640
Ladakh,2024,3,194146,68575933
Ladakh,2024,4,193724,9881580
Lakshadweep,2018,1,501,0
Lakshadweep,2018,2,686,0
Lakshadweep,2018,3,918,0
Lakshadweep,2018,4,1156,0
Lakshadweep,2019,1,1416,0
Lakshadweep,2019,2,1747,4580
Lakshadweep,2019,3,2117,15038
Lakshadweep,2019,4,2427,17760
Lakshadweep,2020,1,2772,21982
Lakshadweep,2020,2,3187,29202
Lakshadweep,2020,3,3644,32128
Lakshadweep,2020,4,4179,41144
Lakshadweep,2021,1,4577,47283
Lakshadweep,2021,2,4896,40301
Lakshadweep,2021,3,5287,49127
Lakshadweep,2021,4,5638,67320
Lakshadweep,2022,1,5990,45410
Lakshadweep,2022,2,6327,38450
Lakshadweep,2022,3,6645,18111
Lakshadweep,2022,4,6961,72377
Lakshadweep,2023,1,7267,43821
Lakshadweep,2023,2,7585,90501
Lakshadweep,2023,3,7912,294406
Lakshadweep,2023,4,8225,924554
Lakshadweep,2024,1,8578,645375
Lakshadweep,2024,2,8895,683424
Lakshadweep,2024,3,11395,28226
Lakshadweep,2024,4,11769,1797824
Madhya Pradesh,2018,1,2553603,0
Madhya Pradesh,2018,2,3441662,0
Madhya Pradesh,2018,3,4309309,0
Madhya Pradesh,2018,4,5365442,0
Madhya Pradesh,2019,1,6414403,0
Madhya Pradesh,2019,2,7301172,50642151
Madhya Pradesh,2019,3,8180664,192353380
Madhya Pradesh,2019,4,9165241,237844976
Madhya Pradesh,2020,1,10151371,262452480
Madhya Pradesh,2020,2,11374423,253770044
Madhya Pradesh,2020,3,12564224,324850994
Madhya Pradesh,2020,4,13737947,405571446
Madhya Pradesh,2021,1,14839427,482500276
Madhya Pradesh,2021,2,15940935,727741649
Madhya Pradesh,2021,3,17210233,929572924
Madhya Pradesh,2021,4,18456243,956630781
Madhya Pradesh,2022,1,19656147,1678266475
Madhya Pradesh,2022,2,20766417,1902866132
Madhya Pradesh,2022,3,21884220,2026371749
Madhya Pradesh,2022,4,22913924,1388282818
Madhya Pradesh,2023,1,24002818,2588256407
Madhya Pradesh,2023,2,25042930,2945628722
Madhya Pradesh,2023,3,26109033,3495164168
Madhya Pradesh,2023,4,27078072,1780548760
Madhya Pradesh,2024,1,28238554,4395383187
Madhya Pradesh,2024,2,29324466,4877924433
Madhya Pradesh,2024,3,31764084,5313772854
Madhya Pradesh,2024,4,32876660,2492103990
Maharashtra,2018,1,6106994,0
Maharashtra,2018,2,8222371,0
Maharashtra,2018,3,10435033,0
Maharashtra,2018,4,13381602,0
Maharashtra,2019,1,16284451,0
Maharashtra,2019,2,18776975,109967705
Maharashtra,2019,3,21313081,439998413
Maharashtra,2019,4,23745297,543654112
Maharashtra,2020,1,26168390,615146568
Maharashtra,2020,2,28765086,506354812
Maharashtra,2020,3,31409513,668197101
Maharashtra,2020,4,34432631,952006770
Maharashtra,2021,1,37077537,1101976484
Maharashtra,2021,2,39664697,1208083592
Maharashtra,2021,3,42581217,1565370852
Maharashtra,2021,4,45482506,2031739248
Maharashtra,2022,1,48227630,2157769514
Maharashtra,2022,2,50802786,2492946019
Maharashtra,2022,3,53432602,2638663712
Maharashtra,2022,4,55954028,2982202696
Maharashtra,2023,1,58470784,3144152925
Maharashtra,2023,2,60766850,3363859330
Maharashtra,2023,3,63150997,3152984827
Maharashtra,2023,4,65422120,3694003155
Maharashtra,2024,1,68016876,3226964743
Maharashtra,2024,2,70597223,3406640277
Maharashtra,2024,3,69641161,4571320472
Maharashtra,2024,4,71807805,5042420660
Manipur,2018,1,29925,0
Manipur,2018,2,46055,0
Manipur,2018,3,61935,0
Manipur,2018,4,82589,0
Manipur,2019,1,99527,0
Manipur,2019,2,117747,464829
Manipur,2019,3,136316,1594205
Manipur,2019,4,155358,1855488
Manipur,2020,1,177374,2175642
Manipur,2020,2,215496,3011491
Manipur,2020,3,258563,3552375
Manipur,2020,4,288772,3783432
Manipur,2021,1,312668,3709227
Manipur,2021,2,335409,7269002
Manipur,2021,3,361749,9743772
Manipur,2021,4,387746,7603294
Manipur,2022,1,411900,22637747
Manipur,2022,2,434563,26236900
Manipur,2022,3,457063,26011343
Manipur,2022,4,477292,12462732
Manipur,2023,1,498337,29419074
Manipur,2023,2,519799,14076037
Manipur,2023,3,541572,20694295
Manipur,2023,4,564130,25551545
Manipur,2024,1,589568,59758762
Manipur,2024,2,614446,59706780
Manipur,2024,3,596237,125520994
Manipur,2024,4,616995,32146128
Meghalaya,2018,1,18513,0
Meghalaya,2018,2,26618,0
Meghalaya,2018,3,37281,0
Meghalaya,2018,4,49634,0
Meghalaya,2019,1,61487,0
Meghalaya,2019,2,74746,395764
Meghalaya,2019,3,87395,1387814
Meghalaya,2019,4,100030,1490542
Meghalaya,2020,1,113814,1716211
Meghalaya,2020,2,136211,2205253
Meghalaya,2020,3,157741,2384534
Meghalaya,2020,4,176447,2745917
Meghalaya,2021,1,190869,2939026
Meghalaya,2021,2,205686,7290804
Meghalaya,2021,3,223065,9952956
Meghalaya,2021,4,240268,6048594
Meghalaya,2022,1,255839,23634106
Meghalaya,2022,2,269943,27458992
Meghalaya,2022,3,283487,32596135
Meghalaya,2022,4,295322,10105924
Meghalaya,2023,1,308324,44686919
Meghalaya,2023,2,322382,47337234
Meghalaya,2023,3,336282,75055865
Meghalaya,2023,4,349330,30357626
Meghalaya,2024,1,365452,207128767
Meghalaya,2024,2,379342,204649032
Meghalaya,2024,3,548502,292472944
Meghalaya,2024,4,571272,44407767
Mizoram,2018,1,7593,0
Mizoram,2018,2,10422,0
Mizoram,2018,3,14502,0
Mizoram,2018,4,19365,0
Mizoram,2019,1,23670,0
Mizoram,2019,2,28696,133025
Mizoram,2019,3,34134,457834
Mizoram,2019,4,39809,529168
Mizoram,2020,1,46499,644683
Mizoram,2020,2,55574,739308
Mizoram,2020,3,68315,924865
Mizoram,2020,4,78731,1096182
Mizoram,2021,1,85750,1193214
Mizoram,2021,2,92552,4014597
Mizoram,2021,3,100647,5385718
Mizoram,2021,4,108405,2094118
Mizoram,2022,1,115295,14886657
Mizoram,2022,2,121535,16646550
Mizoram,2022,3,127735,15557163
Mizoram,2022,4,132870,3144551
Mizoram,2023,1,138751,24403694
Mizoram,2023,2,145061,21868647
Mizoram,2023,3,151378,29019443
Mizoram,2023,4,157627,9424810
Mizoram,2024,1,165126,50294364
Mizoram,2024,2,171540,44171046
Mizoram,2024,3,224952,109786827
Mizoram,2024,4,234527,12467831
Nagaland,2018,1,15074,0
Nagaland,2018,2,22436,0
Nagaland,2018,3,32090,0
Nagaland,2018,4,42997,0
Nagaland,2019,1,53911,0
Nagaland,2019,2,66891,362497
Nagaland,2019,3,80077,1244022
Nagaland,2019,4,93124,1454551
Nagaland,2020,1,107143,1684520
Nagaland,2020,2,130205,2119279
Nagaland,2020,3,173106,2868642
Nagaland,2020,4,192188,2922121
Nagaland,2021,1,207808,2980581
Nagaland,2021,2,223337,6716892
Nagaland,2021,3,241797,8661991
Nagaland,2021,4,259990,6383337
Nagaland,2022,1,276483,24206053
Nagaland,2022,2,292104,28652431
Nagaland,2022,3,307386,31229366
Nagaland,2022,4,321205,11171582
Nagaland,2023,1,335936,35227154
Nagaland,2023,2,351024,33612080
Nagaland,2023,3,366203,51985056
Nagaland,2023,4,381162,20169002
Nagaland,2024,1,398630,46485081
Nagaland,2024,2,414876,60494356
Nagaland,2024,3,446969,73710120
Nagaland,2024,4,463523,25389015
Odisha,2018,1,1594015,0
Odisha,2018,2,2185781,0
Odisha,2018,3,2795718,0
Odisha,2018,4,3623911,0
Odisha,2019,1,4320744,0
Odisha,2019,2,4845359,33955545
Odisha,2019,3,5387209,130181456
Odisha,2019,4,6115537,189905719
Odisha,2020,1,6652970,175918622
Odisha,2020,2,7258315,154682772
Odisha,2020,3,7901755,205597666
Odisha,2020,4,8598751,270085293
Odisha,2021,1,9233009,301315474
Odisha,2021,2,9891029,367576494
Odisha,2021,3,10652490,492879704
Odisha,2021,4,11399235,567351446
Odisha,2022,1,12124779,613855465
Odisha,2022,2,12801990,670311093
Odisha,2022,3,13493282,725475924
Odisha,2022,4,14127239,726099254
Odisha,2023,1,14787083,929487633
Odisha,2023,2,15420061,918449931
Odisha,2023,3,16064459,1002230051
Odisha,2023,4,16680992,701305081
Odisha,2024,1,17393166,1247351109
Odisha,2024,2,18078622,1439371537
Odisha,2024,3,17966648,1596145813
Odisha,2024,4,18611196,1034390206
Puducherry,2018,1,49318,0
Puducherry,2018,2,65580,0
Puducherry,2018,3,81546,0
Puducherry,2018,4,109494,0
Puducherry,2019,1,133059,0
Puducherry,2019,2,156458,661932
Puducherry,2019,3,177868,2476922
Puducherry,2019,4,204292,3263122
Puducherry,2020,1,230908,3820943
Puducherry,2020,2,255600,3057608
Puducherry,2020,3,285173,4222159
Puducherry,2020,4,319626,6377136
Puducherry,2021,1,346279,7914507
Puducherry,2021,2,369961,5178916
Puducherry,2021,3,396609,6899592
Puducherry,2021,4,423167,14257568
Puducherry,2022,1,448051,3938657
Puducherry,2022,2,471663,3830290
Puducherry,2022,3,496570,4186911
Puducherry,2022,4,520649,24144184
Puducherry,2023,1,543819,3498429
Puducherry,2023,2,564431,3817041
Puducherry,2023,3,586550,4653693
Puducherry,2023,4,607838,32182677
Puducherry,2024,1,631663,3299001
Puducherry,2024,2,655486,2882669
Puducherry,2024,3,629332,2673547
Puducherry,2024,4,646158,30724911
Punjab,2018,1,847142,0
Punjab,2018,2,1152190,0
Punjab,2018,3,1473148,0
Punjab,2018,4,1865715,0
Punjab,2019,1,2226590,0
Punjab,2019,2,2600112,10928094
Punjab,2019,3,2962713,40860886
Punjab,2019,4,3321742,47673880
Punjab,2020,1,3739502,53853710
Punjab,2020,2,4225481,51289576
Punjab,2020,3,4694233,58946732
Punjab,2020,4,5157868,71191183
Punjab,2021,1,5568777,81052268
Punjab,2021,2,5976548,85894089
Punjab,2021,3,6434862,107614155
Punjab,2021,4,6880103,138427499
Punjab,2022,1,7302726,117482807
Punjab,2022,2,7702100,138965337
Punjab,2022,3,8097582,154625731
Punjab,2022,4,8462753,199899443
Punjab,2023,1,8837408,177418342
Punjab,2023,2,9197055,218492661
Punjab,2023,3,9555997,337107656
Punjab,2023,4,9898002,605806581
Punjab,2024,1,10286964,448478973
Punjab,2024,2,10677703,502438995
Punjab,2024,3,10978782,719085996
Punjab,2024,4,11308453,774697562
Rajasthan,2018,1,3158202,0
Rajasthan,2018,2,4212964,0
Rajasthan,2018,3,5175453,0
Rajasthan,2018,4,6358738,0
Rajasthan,2019,1,7712204,0
Rajasthan,2019,2,8783935,62787336
Rajasthan,2019,3,9797304,238338999
Rajasthan,2019,4,10925031,288904693
Rajasthan,2020,1,12142053,341815756
Rajasthan,2020,2,13563201,329941181
Rajasthan,2020,3,14969412,436682870
Rajasthan,2020,4,16329494,511015109
Rajasthan,2021,1,17661088,632535059
Rajasthan,2021,2,18980985,1072091232
Rajasthan,2021,3,20499465,1429553825
Rajasthan,2021,4,21977202,1185124031
Rajasthan,2022,1,23398857,2570606469
Rajasthan,2022,2,24716181,2771434947
Rajasthan,2022,3,26042948,3299787866
Rajasthan,2022,4,27255927,1537424924
Rajasthan,2023,1,28523031,3711332541
Rajasthan,2023,2,29745609,4033000288
Rajasthan,2023,3,30997182,4359306863
Rajasthan,2023,4,32157348,1905645600
Rajasthan,2024,1,33505514,4728118557
Rajasthan,2024,2,34773619,4962266918
Rajasthan,2024,3,35583171,5335171033
Rajasthan,2024,4,36828375,2764744237
Sikkim,2018,1,20051,0
Sikkim,2018,2,28097,0
Sikkim,2018,3,37637,0
Sikkim,2018,4,48538,0
Sikkim,2019,1,58956,0
Sikkim,2019,2,70999,398520
Sikkim,2019,3,82128,1316804
Sikkim,2019,4,92972,1552004
Sikkim,2020,1,104631,1697163
Sikkim,2020,2,119921,1912335
Sikkim,2020,3,134773,2156470
Sikkim,2020,4,148543,2478670
Sikkim,2021,1,160213,2795331
Sikkim,2021,2,171740,4541121
Sikkim,2021,3,184693,5714565
Sikkim,2021,4,197407,5525552
Sikkim,2022,1,209616,12440193
Sikkim,2022,2,220994,16993937
Sikkim,2022,3,232025,18748536
Sikkim,2022,4,241968,8948864
Sikkim,2023,1,252440,18927227
Sikkim,2023,2,262728,28470875
Sikkim,2023,3,272829,34906306
Sikkim,2023,4,282575,15838198
Sikkim,2024,1,293821,19584360
Sikkim,2024,2,304650,45285995
Sikkim,2024,3,312311,18246210
Sikkim,2024,4,320748,18490840
Tamil Nadu,2018,1,2104754,0
Tamil Nadu,2018,2,2996036,0
Tamil Nadu,2018,3,3900177,0
Tamil Nadu,2018,4,5199878,0
Tamil Nadu,2019,1,6296303,0
Tamil Nadu,2019,2,7429609,33658961
Tamil Nadu,2019,3,8428835,124690342
Tamil Nadu,2019,4,9620493,155011717
Tamil Nadu,2020,1,10872368,179908753
Tamil Nadu,2020,2,12150786,144907447
Tamil Nadu,2020,3,13643451,194683284
Tamil Nadu,2020,4,15357586,288233552
Tamil Nadu,2021,1,16632608,348801714
Tamil Nadu,2021,2,17804542,343968474
Tamil Nadu,2021,3,19127440,459826734
Tamil Nadu,2021,4,20433142,685861440
Tamil Nadu,2022,1,21667020,638490275
Tamil Nadu,2022,2,22829720,740265406
Tamil Nadu,2022,3,24019964,866738343
Tamil Nadu,2022,4,25136112,1229187623
Tamil Nadu,2023,1,26270663,989061650
Tamil Nadu,2023,2,27317599,991611987
Tamil Nadu,2023,3,28405436,1117719858
Tamil Nadu,2023,4,29452801,1831285792
Tamil Nadu,2024,1,30638750,1089065562
Tamil Nadu,2024,2,31818880,1071832085
Tamil Nadu,2024,3,32965209,1237507205
Tamil Nadu,2024,4,33966610,2229881172
Telangana,2018,1,3315560,0
Telangana,2018,2,4260115,0
Telangana,2018,3,5138501,0
Telangana,2018,4,6529679,0
Telangana,2019,1,7963425,0
Telangana,2019,2,9046007,80842302
Telangana,2019,3,10090557,318124511
Telangana,2019,4,11220691,399239044
Telangana,2020,1,12306860,454723816
Telangana,2020,2,13378191,367130505
Telangana,2020,3,14590882,527781925
Telangana,2020,4,15927797,764614235
Telangana,2021,1,17149069,920040042
Telangana,2021,2,18306880,905317692
Telangana,2021,3,19615278,1107529197
Telangana,2021,4,20917649,1407599392
Telangana,2022,1,22150612,1168864524
Telangana,2022,2,23314363,1276259370
Telangana,2022,3,24506111,1255597644
Telangana,2022,4,25656381,1731228513
Telangana,2023,1,26804259,1305656447
Telangana,2023,2,27814633,1339967792
Telangana,2023,3,28896668,993742805
Telangana,2023,4,29902636,1520428750
Telangana,2024,1,31082447,933319286
Telangana,2024,2,32232171,1007869816
Telangana,2024,3,30776242,1397303246
Telangana,2024,4,31726856,2014592558
Tripura,2018,1,55157,0
Tripura,2018,2,83369,0
Tripura,2018,3,116874,0
Tripura,2018,4,153265,0
Tripura,2019,1,183254,0
Tripura,2019,2,217644,953627
Tripura,2019,3,245456,3350991
Tripura,2019,4,272298,3610807
Tripura,2020,1,299962,4063223
Tripura,2020,2,336666,4443221
Tripura,2020,3,376731,5777908
Tripura,2020,4,409110,6017249
Tripura,2021,1,439636,6009660
Tripura,2021,2,472153,9500881
Tripura,2021,3,509929,12279146
Tripura,2021,4,546292,10728702
Tripura,2022,1,582124,19322963
Tripura,2022,2,615782,21343111
Tripura,2022,3,649143,24123569
Tripura,2022,4,678741,16107610
Tripura,2023,1,710884,29736641
Tripura,2023,2,743024,30819207
Tripura,2023,3,774678,49942954
Tripura,2023,4,806344,43591962
Tripura,2024,1,842135,81407836
Tripura,2024,2,876724,97341017
Tripura,2024,3,916336,134585619
Tripura,2024,4,948916,56659293
Uttar Pradesh,2018,1,4694250,0
Uttar Pradesh,2018,2,6442554,0
Uttar Pradesh,2018,3,8096483,0
Uttar Pradesh,2018,4,10341964,0
Uttar Pradesh,2019,1,12458661,0
Uttar Pradesh,2019,2,14316349,78394040
Uttar Pradesh,2019,3,16044607,268142606
Uttar Pradesh,2019,4,17949542,324068625
Uttar Pradesh,2020,1,20136256,374282083
Uttar Pradesh,2020,2,22498519,383703534
Uttar Pradesh,2020,3,24838116,450784508
Uttar Pradesh,2020,4,27249134,552220798
Uttar Pradesh,2021,1,29482075,639718324
Uttar Pradesh,2021,2,31651894,673598864
Uttar Pradesh,2021,3,34151882,803890116
Uttar Pradesh,2021,4,36617655,1175923794
Uttar Pradesh,2022,1,38999692,836926025
Uttar Pradesh,2022,2,41247289,947480495
Uttar Pradesh,2022,3,43537920,1035702397
Uttar Pradesh,2022,4,45648650,1682003791
Uttar Pradesh,2023,1,47806049,1401343916
Uttar Pradesh,2023,2,49829833,1731600947
Uttar Pradesh,2023,3,51870932,2143192720
Uttar Pradesh,2023,4,53799813,3620813944
Uttar Pradesh,2024,1,56028765,3113045884
Uttar Pradesh,2024,2,58199149,3406733148
Uttar Pradesh,2024,3,67922000,2512362184
Uttar Pradesh,2024,4,70474113,5080900941
Uttarakhand,2018,1,483043,0
Uttarakhand,2018,2,649142,0
Uttarakhand,2018,3,810612,0
Uttarakhand,2018,4,1012103,0
Uttarakhand,2019,1,1224955,0
Uttarakhand,2019,2,1414339,7454279
Uttarakhand,2019,3,1585859,24660988
Uttarakhand,2019,4,1752677,28853867
Uttarakhand,2020,1,1943606,32631265
Uttarakhand,2020,2,2148567,31074793
Uttarakhand,2020,3,2365438,40377348
Uttarakhand,2020,4,2596244,52564888
Uttarakhand,2021,1,2802122,59282260
Uttarakhand,2021,2,3004040,78380036
Uttarakhand,2021,3,3233509,90886530
Uttarakhand,2021,4,3460015,110928354
Uttarakhand,2022,1,3674829,115224382
Uttarakhand,2022,2,3877056,156465685
Uttarakhand,2022,3,4081976,152803850
Uttarakhand,2022,4,4272049,160685547
Uttarakhand,2023,1,4464369,181738693
Uttarakhand,2023,2,4645322,240804293
Uttarakhand,2023,3,4829992,217340168
Uttarakhand,2023,4,5001826,287470297
Uttarakhand,2024,1,5202251,264812749
Uttarakhand,2024,2,5395292,309932840
Uttarakhand,2024,3,5423770,414813742
Uttarakhand,2024,4,5575922,354208067
West Bengal,2018,1,2604789,0
West Bengal,2018,2,3833795,0
West Bengal,2018,3,4851740,0
West Bengal,2018,4,6279278,0
West Bengal,2019,1,7449425,0
West Bengal,2019,2,8612795,49514201
West Bengal,2019,3,9643222,176559011
West Bengal,2019,4,10885058,244326613
West Bengal,2020,1,11960822,207068218
West Bengal,2020,2,13222022,198589332
West Bengal,2020,3,14448366,246554831
West Bengal,2020,4,15662093,291721919
West Bengal,2021,1,16808799,316832674
West Bengal,2021,2,17979979,275341466
West Bengal,2021,3,19323278,348588666
West Bengal,2021,4,20644527,512335839
West Bengal,2022,1,21919787,236131065
West Bengal,2022,2,23124388,250276369
West Bengal,2022,3,24372048,256445748
West Bengal,2022,4,25536381,678066327
West Bengal,2023,1,26732895,321102681
West Bengal,2023,2,27827662,350862668
West Bengal,2023,3,28966414,473450373
West Bengal,2023,4,30064546,1467442959
West Bengal,2024,1,31306843,633526507
West Bengal,2024,2,32540397,704276274
West Bengal,2024,3,33612828,709864323
West Bengal,2024,4,34750181,1994940763
India,2018,1,46877867,0
India,2018,2,63648311,0
India,2018,3,80010952,0
India,2018,4,102262055,0
India,2019,1,123432699,0
India,2019,2,141808226,920413791
India,2019,3,159293934,3448366103
India,2019,4,178279085,4301071954
India,2020,1,197575164,4768944662
India,2020,2,218996326,4357634272
India,2020,3,241169683,5739326491
India,2020,4,264271293,7461623162
India,2021,1,284985430,8635508502
India,2021,2,305258086,9630620549
India,2021,3,328354923,12256377890
India,2021,4,351161395,15172529039
India,2022,1,372951831,15724195113
India,2022,2,393424643,17786667567
India,2022,3,414324881,19223454074
India,2022,4,433947940,21262699669
India,2023,1,453886185,22927510601
India,2023,2,472369901,24931188217
India,2023,3,491434385,27225177134
India,2023,4,509358280,29936587770
India,2024,1,530084540,32626239822
India,2024,2,550287982,35407900260
India,2024,3,568010051,38129751823
India,2024,4,586756452,40416377679
